Theta0,Theta1
8499.599649933214,-0.021448963591702293
